DELETE FROM INDIVIDUAL_USER;

INSERT INTO INDIVIDUAL_USER (U_ID, FIRST_NAME, LAST_NAME) VALUES (1, 'Sagar', 'Sharma');
INSERT INTO INDIVIDUAL_USER (U_ID, FIRST_NAME, LAST_NAME) VALUES (2, 'Abhishek', 'Bussa');
INSERT INTO INDIVIDUAL_USER (U_ID, FIRST_NAME, LAST_NAME) VALUES (3, 'Avanish', 'Vyas');
INSERT INTO INDIVIDUAL_USER (U_ID, FIRST_NAME, LAST_NAME) VALUES (4, 'Jesus', 'Gonzalez');
INSERT INTO INDIVIDUAL_USER (U_ID, FIRST_NAME, LAST_NAME) VALUES (5, 'Won', 'kim');

DELETE FROM FOUNDATION;

INSERT INTO FOUNDATION (F_ID, NAME) VALUES (1, 'CapitalOne');
INSERT INTO FOUNDATION (F_ID, NAME) VALUES (2, 'CharlesandShcwab');
INSERT INTO FOUNDATION (F_ID, NAME) VALUES (3, 'Wunderman');
INSERT INTO FOUNDATION (F_ID, NAME) VALUES (4, 'Statefarms');
INSERT INTO FOUNDATION (F_ID, NAME) VALUES (5, 'Mackenzy');

DELETE FROM LEAN_DELEGATE;

INSERT INTO LEAN_DELEGATE (LD_ID, L_FIRST_NAME, L_LAST_NAME) VALUES (1, 'Sharma', 'Chakravarthy');
INSERT INTO LEAN_DELEGATE (LD_ID, L_FIRST_NAME, L_LAST_NAME) VALUES (2, 'David', 'Levine');
INSERT INTO LEAN_DELEGATE (LD_ID, L_FIRST_NAME, L_LAST_NAME) VALUES (3, 'Farhad', 'Kamanger');
INSERT INTO LEAN_DELEGATE (LD_ID, L_FIRST_NAME, L_LAST_NAME) VALUES (4, 'Elizabeth', 'Diaz');
INSERT INTO LEAN_DELEGATE (LD_ID, L_FIRST_NAME, L_LAST_NAME) VALUES (5, 'Brian', 'Dalio');

DELETE FROM EVENT;

INSERT INTO EVENT (E_ID, TYPE, NAME, VENUE, DAY, MONTH, YEAR, DURATION) VALUES (1, 'FREE', 'BASH', 'DETRIOT', 12, 1, 2018, '8_HOURS');
INSERT INTO EVENT (E_ID, TYPE, NAME, VENUE, DAY, MONTH, YEAR, DURATION) VALUES (2, 'PAID', 'TED-TALK', 'CHICAGO', 30, 1, 2018, '5_HOURS');
INSERT INTO EVENT (E_ID, TYPE, NAME, VENUE, DAY, MONTH, YEAR, DURATION) VALUES (3, 'FREE', 'PAINT-PARTY', 'NEW_YORK', 15, 2, 2018, '5_HOURS');
INSERT INTO EVENT (E_ID, TYPE, NAME, VENUE, DAY, MONTH, YEAR, DURATION) VALUES (4, 'PAID', 'CONCERT', 'DALLAS', 13, 4, 2018, '10_HOURS');
INSERT INTO EVENT (E_ID, TYPE, NAME, VENUE, DAY, MONTH, YEAR, DURATION) VALUES (5, 'PAID', 'SEMINAR', 'LOS_ANGELES', 23, 9, 2018, '6_HOURS');

DELETE FROM ITEM;

INSERT INTO ITEM (I_ID, TYPE) VALUES (1, 'MONEY');
INSERT INTO ITEM (I_ID, TYPE) VALUES (2, 'MEDICINE');
INSERT INTO ITEM (I_ID, TYPE) VALUES (3, 'CLOTHES');

DELETE FROM COUNTRY;

INSERT INTO COUNTRY (CNAME) VALUES ('AUSTRALIA');
INSERT INTO COUNTRY (CNAME) VALUES ('INDIA');
INSERT INTO COUNTRY (CNAME) VALUES ('NEPAL');
INSERT INTO COUNTRY (CNAME) VALUES ('SRI-LANKA');
INSERT INTO COUNTRY (CNAME) VALUES ('CHINA');


DELETE FROM TICKETS;

INSERT INTO TICKETS (T_ID, E_ID, COST) VALUES (1, 2, '$20');
INSERT INTO TICKETS (T_ID, E_ID, COST) VALUES (2, 4, '$10');
INSERT INTO TICKETS (T_ID, E_ID, COST) VALUES (3, 5, '$30');

DELETE FROM SELL;

INSERT INTO SELL (LD_ID, F_ID, T_ID, p_ASSIGNED) VALUES (1, null , 1, null );
INSERT INTO SELL (LD_ID, F_ID, T_ID, p_ASSIGNED) VALUES (null ,1 , 2, 2 );
INSERT INTO SELL (LD_ID, F_ID, T_ID, p_ASSIGNED) VALUES (2,null , 3,null );


DELETE FROM REGISTERS;

INSERT INTO REGISTERS (E_ID, U_ID, F_ID, p_REGISTERED) VALUES (1,NULL ,1,10);
INSERT INTO REGISTERS (E_ID, U_ID, F_ID, p_REGISTERED) VALUES (2, 1, NULL,NULL);
INSERT INTO REGISTERS (E_ID, U_ID, F_ID, p_REGISTERED) VALUES (3,NULL , 2, 20);
INSERT INTO REGISTERS (E_ID, U_ID, F_ID, p_REGISTERED) VALUES (4, 2,NULL ,NULL );
INSERT INTO REGISTERS (E_ID, U_ID, F_ID, p_REGISTERED) VALUES (5,NULL , 3, 30);



DELETE FROM BUYS;

INSERT INTO BUYS (F_ID, U_ID, T_ID, METHOD_OF_PAYMENT, NO_OF_TICKETS) VALUES (1, ,1,'PAYPAL', 100);
INSERT INTO BUYS (F_ID, U_ID, T_ID, METHOD_OF_PAYMENT, NO_OF_TICKETS) VALUES (NULL , 1, 1,'CREDIT', 110);
INSERT INTO BUYS (F_ID, U_ID, T_ID, METHOD_OF_PAYMENT, NO_OF_TICKETS) VALUES (2,NULL ,2,'DEBIT', 150);
INSERT INTO BUYS (F_ID, U_ID, T_ID, METHOD_OF_PAYMENT, NO_OF_TICKETS) VALUES (NULL , 2, 2,'PAYPAL', 90);
INSERT INTO BUYS (F_ID, U_ID, T_ID, METHOD_OF_PAYMENT, NO_OF_TICKETS) VALUES (3,NULL ,3,'PAYPAL', 70);



DELETE FROM DONATED;

INSERT INTO DONATED (F_ID, U_ID, E_ID) VALUES (1,null ,1);
INSERT INTO DONATED (F_ID, U_ID, E_ID) VALUES (NULL , 1, 2);
INSERT INTO DONATED (F_ID, U_ID, E_ID) VALUES (2,NULL , 3);
INSERT INTO DONATED (F_ID, U_ID, E_ID) VALUES (NULL , 2, 4);
INSERT INTO DONATED (F_ID, U_ID, E_ID) VALUES (3,NULL , 5);

DELETE FROM DONATED_ITEM_DETAILS;

INSERT INTO DONATED_ITEM_DETAILS (F_ID, U_ID, E_ID, DESCRIPTION, QUANTITY) VALUES (1,NULL ,2, 'MEDICINE T10' , '10 PACKS');
INSERT INTO DONATED_ITEM_DETAILS (F_ID, U_ID, E_ID, DESCRIPTION, QUANTITY) VALUES (NULL, 1, 2, 'MEDICINE T30' , '30 PACKS');
INSERT INTO DONATED_ITEM_DETAILS (F_ID, U_ID, E_ID, DESCRIPTION, QUANTITY) VALUES (2,NULL , 4, 'CLOTHES JEANS' , '10 PIECES');
INSERT INTO DONATED_ITEM_DETAILS (F_ID, U_ID, E_ID, DESCRIPTION, QUANTITY) VALUES (NULL, 2, 4, 'MONEY' , '$1000');
INSERT INTO DONATED_ITEM_DETAILS (F_ID, U_ID, E_ID, DESCRIPTION, QUANTITY) VALUES (3,NULL ,5, 'MONEY' , '$10000');



DELETE FROM DONATED_TAX_BENEFITS;

INSERT INTO DONATED_TAX_BENEFITS (F_ID, U_ID, E_ID, DESCRIPTION, MONTH, YEAR) VALUES (1,NULL ,1, 'GET 10% BACK' , 1, 2018);
INSERT INTO DONATED_TAX_BENEFITS (F_ID, U_ID, E_ID, DESCRIPTION, MONTH, YEAR) VALUES (NULL, 1, 2, 'GET 20% BACK' , 1, 2018);
INSERT INTO DONATED_TAX_BENEFITS (F_ID, U_ID, E_ID, DESCRIPTION, MONTH, YEAR) VALUES (2,NULL ,3, 'GET 40% BACK' , 4, 2018);
INSERT INTO DONATED_TAX_BENEFITS (F_ID, U_ID, E_ID, DESCRIPTION, MONTH, YEAR) VALUES (NULL, 2, 4, 'GET 30% BACK' , 4, 2018);
INSERT INTO DONATED_TAX_BENEFITS (F_ID, U_ID, E_ID, DESCRIPTION, MONTH, YEAR) VALUES (3,NULL ,5, 'GET 10% BACK' , 9, 2018);


DELETE FROM COLLECTED;

INSERT INTO COLLECTED (I_ID, E_ID) VALUES (2, 1);
INSERT INTO COLLECTED (I_ID, E_ID) VALUES (2, 2);
INSERT INTO COLLECTED (I_ID, E_ID) VALUES (3, 3);
INSERT INTO COLLECTED (I_ID, E_ID) VALUES (1, 4);
INSERT INTO COLLECTED (I_ID, E_ID) VALUES (1, 5);


DELETE FROM COLLECTED_DETAILS;

INSERT INTO COLLECTED_DETAILS (I_ID, E_ID, DESCRIPTION, QUANTITY) VALUES (2, 2, 'MEDICINE T10' , '10 PACKS');
INSERT INTO COLLECTED_DETAILS (I_ID, E_ID, DESCRIPTION, QUANTITY) VALUES (2, 2, 'MEDICINE T30' , '30 PACKS');
INSERT INTO COLLECTED_DETAILS (I_ID, E_ID, DESCRIPTION, QUANTITY) VALUES (3, 4, 'CLOTHES JEANS' , '10 PIECES');
INSERT INTO COLLECTED_DETAILS (I_ID, E_ID, DESCRIPTION, QUANTITY) VALUES (1, 4, 'MONEY' , '$1000');
INSERT INTO COLLECTED_DETAILS (I_ID, E_ID, DESCRIPTION, QUANTITY) VALUES (1, 5, 'MONEY' , '$10000');




DELETE FROM SHIPPED;

INSERT INTO SHIPPED (I_ID, CNAME) VALUES (1, 'INDIA');
INSERT INTO SHIPPED (I_ID, CNAME) VALUES (2, 'NEPAL');
INSERT INTO SHIPPED (I_ID, CNAME) VALUES (3, 'AUSTRALIA');




DELETE FROM SHIPPED_DETAILS;

INSERT INTO SHIPPED_DETAILS (I_ID, CNAME, DAY, MONTH, YEAR, DESCRIPTION, SHIPPING_COST, QUANTITY) VALUES (1, 'INDIA', 12, 1, 2015, 'MEDICINE T10', '$200', '100 PACKS');
INSERT INTO SHIPPED_DETAILS (I_ID, CNAME, DAY, MONTH, YEAR, DESCRIPTION, SHIPPING_COST, QUANTITY) VALUES (2, 'NEPAL', 20, 5, 2016, 'MEDICINE T100', '$400', '1000 PACKS');
INSERT INTO SHIPPED_DETAILS (I_ID, CNAME, DAY, MONTH, YEAR, DESCRIPTION, SHIPPING_COST, QUANTITY) VALUES (3, 'AUSTRALIA', 4, 7, 2018, 'JEANS AND OVERCOATS', '$2000', '100 PAIRS');

DELETE FROM ACCOUNT;

INSERT INTO ACCOUNT (A_ID, LD_ID, U_ID, F_ID, TYPE, EMAIL, PASSWORD, DAY, MONTH, YEAR) VALUES (1, 1,NULL ,NULL , 'DELEGATE', 'D1@LEAN.COM', 'APPLES', 2, 5, 2001);
INSERT INTO ACCOUNT (A_ID, LD_ID, U_ID, F_ID, TYPE, EMAIL, PASSWORD, DAY, MONTH, YEAR) VALUES (2,NULL , 3, NULL, 'INDIE USER', 'I1@GMAIL.COM', 'ORANGES', 10, 5, 2014);
INSERT INTO ACCOUNT (A_ID, LD_ID, U_ID, F_ID, TYPE, EMAIL, PASSWORD, DAY, MONTH, YEAR) VALUES (3,NULL ,NULL , 2, '3RD PARTY FOUNDATION', 'F1@LEAN.COM', 'GRAPES', 4, 8, 2011);
INSERT INTO ACCOUNT (A_ID, LD_ID, U_ID, F_ID, TYPE, EMAIL, PASSWORD, DAY, MONTH, YEAR) VALUES (4, 2, NULL, NULL, 'DELEGATE', 'D2@LEAN.COM', 'BERRIES', 6, 2, 2010);

DELETE FROM LOGIN_DETAILS;

INSERT INTO LOGIN_DETAILS (A_ID, LD_ID, U_ID, F_ID, DAY, MONTH, YEAR, HOUR, MINUTE, SECOND) VALUES (1, 1,NULL ,NULL , 4, 5, 2001, 21, 45, 56);
INSERT INTO LOGIN_DETAILS (A_ID, LD_ID, U_ID, F_ID, DAY, MONTH, YEAR, HOUR, MINUTE, SECOND) VALUES (2,NULL , 3, NULL, 7, 10, 2015, 9, 44, 57);
INSERT INTO LOGIN_DETAILS (A_ID, LD_ID, U_ID, F_ID, DAY, MONTH, YEAR, HOUR, MINUTE, SECOND) VALUES (3, NULL,NULL , 2, 6, 3, 2012, 4, 15, 54);
INSERT INTO LOGIN_DETAILS (A_ID, LD_ID, U_ID, F_ID, DAY, MONTH, YEAR, HOUR, MINUTE, SECOND) VALUES (4, 2,NULL ,NULL , 15, 4, 2013, 9, 49, 50);


DELETE FROM PRIVILEGES_ASSIGNED;

INSERT INTO PRIVILEGES_ASSIGNED (A_ID, LD_ID, U_ID, F_ID, PRIVILEGES_ASSIGNED) VALUES (1, 1,NULL ,NULL , 'MODERATE BLOGS, CREATE EVENTS');
INSERT INTO PRIVILEGES_ASSIGNED (A_ID, LD_ID, U_ID, F_ID, PRIVILEGES_ASSIGNED) VALUES (2,NULL , 3,NULL , 'REGISTER FOR EVENT, SPONSOR EVENT');
INSERT INTO PRIVILEGES_ASSIGNED (A_ID, LD_ID, U_ID, F_ID, PRIVILEGES_ASSIGNED) VALUES (3, NULL,NULL , 2, 'SELL TICKETS, REGISTER FOR EVENT');
INSERT INTO PRIVILEGES_ASSIGNED (A_ID, LD_ID, U_ID, F_ID, PRIVILEGES_ASSIGNED) VALUES (4, 2,NULL ,NULL , 'MANAGE ACCOUNTS ON SITE, DEAL WITH 3RD PARTY FOUNDATION');


DELETE FROM SPONSOR;

INSERT INTO SPONSOR (E_ID, U_ID, F_ID) VALUES (1, 1, NULL);
INSERT INTO SPONSOR (E_ID, U_ID, F_ID) VALUES (2,NULL , 1);
INSERT INTO SPONSOR (E_ID, U_ID, F_ID) VALUES (3, 2, 2);
INSERT INTO SPONSOR (E_ID, U_ID, F_ID) VALUES (4, 3,NULL );
INSERT INTO SPONSOR (E_ID, U_ID, F_ID) VALUES (5, 4, 5);


DELETE FROM BLOG;

INSERT INTO BLOG (B_ID, LD_ID, U_ID, F_ID) VALUES (1, 1,NULL ,NULL );
INSERT INTO BLOG (B_ID, LD_ID, U_ID, F_ID) VALUES (2,NULL , 1,NULL );
INSERT INTO BLOG (B_ID, LD_ID, U_ID, F_ID) VALUES (3,NULL ,NULL , 1);
INSERT INTO BLOG (B_ID, LD_ID, U_ID, F_ID) VALUES (4,NULL , 2,NULL );
INSERT INTO BLOG (B_ID, LD_ID, U_ID, F_ID) VALUES (5, 4, NULL,NULL );

DELETE FROM WRITES_DETAILS;

INSERT INTO WRITES_DETAILS (B_ID, LD_ID, U_ID, F_ID, TOPIC, DAY, MONTH, YEAR) VALUES (1, 1,NULL ,NULL , 'SOCIETY', 2, 4, 2018);
INSERT INTO WRITES_DETAILS (B_ID, LD_ID, U_ID, F_ID, TOPIC, DAY, MONTH, YEAR) VALUES (2,NULL , 1,NULL , 'ANIMALS', 4, 5, 2018);
INSERT INTO WRITES_DETAILS (B_ID, LD_ID, U_ID, F_ID, TOPIC, DAY, MONTH, YEAR) VALUES (3,NULL ,NULL , 1, 'CHILDREN', 19, 5, 2018);
INSERT INTO WRITES_DETAILS (B_ID, LD_ID, U_ID, F_ID, TOPIC, DAY, MONTH, YEAR) VALUES (4,NULL , 2,NULL , 'HEALTHCARE', 7, 12, 2018);
INSERT INTO WRITES_DETAILS (B_ID, LD_ID, U_ID, F_ID, TOPIC, DAY, MONTH, YEAR) VALUES (5, 4,NULL ,NULL , 'CREATIVITY', 9, 1, 2018);

DELETE FROM WRITES;

INSERT INTO WRITES (B_ID, LD_ID, U_ID, F_ID) VALUES (1, 1,NULL ,NULL );
INSERT INTO WRITES (B_ID, LD_ID, U_ID, F_ID) VALUES (2,NULL , 1,NULL );
INSERT INTO WRITES (B_ID, LD_ID, U_ID, F_ID) VALUES (3,NULL ,NULL , 1);
INSERT INTO WRITES (B_ID, LD_ID, U_ID, F_ID) VALUES (4,NULL , 2,NULL );
INSERT INTO WRITES (B_ID, LD_ID, U_ID, F_ID) VALUES (5, 4, NULL,NULL );
